{
    "date": "Fri Sep 09 2016 07:10:46 GMT+0800 (China Standard Time)",
    "data": [{ "title": "JSConf中国2016PPT分享汇总与发票问题", "url": "https://cnodejs.org/topic/57cf84508624502e475135ef" }, { "title": "请问有没有基于Node.js+React的小项目的教程？", "url": "https://cnodejs.org/topic/57d1c1b63d3520a5387c2b49" }, { "title": "新手。如何用node.js进行前后端分离。", "url": "https://cnodejs.org/topic/57ce857180ad316647adcc1c" }, { "title": "ES6高阶箭头函数", "url": "https://cnodejs.org/topic/56a1d827cd415452622eed07" }, { "title": "webpack小记", "url": "https://cnodejs.org/topic/57d0d2a062b635972cd8847a" }, { "title": "用Vue.js编写了cnodejs.org的h5客户端(webapp)", "url": "https://cnodejs.org/topic/565c4473d0bc14ae279399fe" }, { "title": "console.log（）中%d是什么参数", "url": "https://cnodejs.org/topic/57d17940a183f0c13865c88a" }, { "title": "那些动不动就说单机几万并发的到底是在说什么？", "url": "https://cnodejs.org/topic/57cd049f2adfc63a267844bb" }, { "title": "在安装oracledb时报错了，有人遇到过知道怎么解决吗？", "url": "https://cnodejs.org/topic/57ce56a46dac8a4a47ab20c1" }, { "title": "node实现短信登陆验证", "url": "https://cnodejs.org/topic/57d0c4778460f6b32c4dc680" }, { "title": "想用nodejs参加学校的创新杯", "url": "https://cnodejs.org/topic/57d15b7ba183f0c13865c881" }, { "title": "Vue.js中合并每个Component中的样式文件", "url": "https://cnodejs.org/topic/57d171a7a183f0c13865c889" }, { "title": "7天600stars，Mobi.css是如何诞生的", "url": "https://cnodejs.org/topic/57cd6e3d6dac8a4a47ab2098" }, { "title": "你想看看你的Node项目依赖的第三方代码质量如何么，你可以这样做", "url": "https://cnodejs.org/topic/57cf8c7280ad316647adcc9e" }, { "title": "分享个谷歌插件，可以把网页导出成pdf文件[有些电子书就不用买了😁", "url": "https://cnodejs.org/topic/57d11b098460f6b32c4dc6a8" }, { "title": "使用react-native的webview，如何访问手机里app的文件？", "url": "https://cnodejs.org/topic/57c7a292463a40f53a95c607" }, { "title": "Node.js写爬虫系列", "url": "https://cnodejs.org/topic/57c529cf9b447b634391c814" }, { "title": "开源的任务队列服务HTQ", "url": "https://cnodejs.org/topic/57cccdd60d0a6380506f9223" }, { "title": "要怎样把本地调试好的nodejs部署到腾讯云啊", "url": "https://cnodejs.org/topic/57b7cc7a96d868d304386f93" }, { "title": "Express服务端使用mysql的一种方式", "url": "https://cnodejs.org/topic/57cacd2c2adfc63a26784473" }, { "title": "q.js实现执行顺序出问题", "url": "https://cnodejs.org/topic/57d117443cfda47b2c233166" }, { "title": "用express和vue写了个单页博客，部署在heroku和githubpage上", "url": "https://cnodejs.org/topic/57cfdf0c62b635972cd88444" }, { "title": "怎么将html中的table数据转化为json数据", "url": "https://cnodejs.org/topic/57d12eb8e6a7865f2cc016ff" }, { "title": "简易数据结构", "url": "https://cnodejs.org/topic/57d137c049e399fd386e18e5" }, { "title": "这啥问题，怎么解决？", "url": "https://cnodejs.org/topic/57d0c4d33cfda47b2c233142" }, { "title": "【北京】9月24日NodeJS区块链茶座·第一期：为什么一定要玩区块链？", "url": "https://cnodejs.org/topic/57cfdd5162b635972cd88441" }, { "title": "mongo只读账户一直连接不上，WHY?", "url": "https://cnodejs.org/topic/57d13251e6a7865f2cc01702" }, { "title": "这是charm的正确打开方式吗", "url": "https://cnodejs.org/topic/57d130d962b635972cd8849c" }, { "title": "关于错误处理", "url": "https://cnodejs.org/topic/57d12e268460f6b32c4dc6b3" }, { "title": "React如何debug?", "url": "https://cnodejs.org/topic/57d110d5e6a7865f2cc016ef" }, { "title": "如何通过koa.js转发原始http请求?", "url": "https://cnodejs.org/topic/57d11a2e8460f6b32c4dc6a6" }, { "title": "vue.jstemplate中如果想包含script代码，应该怎样处理", "url": "https://cnodejs.org/topic/57cfdc863cfda47b2c233112" }, { "title": "为什么pm2只能启动fork模式..", "url": "https://cnodejs.org/topic/57d0f9a08460f6b32c4dc698" }, { "title": "命令行实现一个智能聊天小程序", "url": "https://cnodejs.org/topic/57d0f10c62b635972cd88482" }, { "title": "__fliename__dirname等经常傻傻分不清楚", "url": "https://cnodejs.org/topic/57d0d3ac8460f6b32c4dc687" }, { "title": "pm2+winston集群日志问题", "url": "https://cnodejs.org/topic/57d0d5313cfda47b2c23314c" }, { "title": "求助，一个关于Node文件读写的问题，为什么fs.createWriteStream不能用了？", "url": "https://cnodejs.org/topic/57c4fe17a6539d6525575240" }, { "title": "Nodejs爬虫(来源HackerNews)[跟着狼叔学爬虫]", "url": "https://cnodejs.org/topic/57ce851b80ad316647adcc1a" }, { "title": "限量野狗T恤马克杯放送！！9.10野狗Meetup技术沙龙——滴滴大牛、《Vue.js权威指南》作者空降", "url": "https://cnodejs.org/topic/57ce9bca8039ce12476979b6" }, { "title": "B站运维团队成长的血泪史", "url": "https://cnodejs.org/topic/57ce2e1e8039ce124769797f" }]
}