{
	"IcoMoonType": "selection",
	"icons": [
		{
			"icon": {
				"paths": [
					"M1024 864c0 88.364-71.634 160-160 160-36.020 0-69.258-11.91-96-32l-64-64 224-224 64 64c20.090 26.742 32 59.978 32 96zM288 64l-288-64 64 288 592 592 224-224-592-592zM660.422 715.578l-448-448 55.156-55.156 448 448-55.156 55.156z"
				],
				"attrs": [],
				"tags": [
					"pencil",
					"write",
					"edit"
				],
				"grid": 16,
				"width": 1056
			},
			"attrs": [],
			"properties": {
				"id": 64,
				"order": 3,
				"prevSize": 32,
				"ligatures": "pencil, write",
				"name": "pencil1",
				"code": 58880
			},
			"setIdx": 1,
			"setId": 0,
			"iconIdx": 6
		},
		{
			"icon": {
				"paths": [
					"M384 640l128-64 448-448-64-64-448 448-64 128zM289.3 867.098c-31.632-66.728-65.666-100.762-132.396-132.394l99.096-272.792 128-77.912 384-384h-192l-384 384-192 640 640-192 384-384v-192l-384 384-77.912 128z"
				],
				"attrs": [],
				"tags": [
					"pencil",
					"write",
					"edit"
				],
				"grid": 16
			},
			"attrs": [],
			"properties": {
				"id": 67,
				"order": 1,
				"prevSize": 32,
				"ligatures": "pencil2, write2",
				"name": "pencil2",
				"code": 58881
			},
			"setIdx": 1,
			"setId": 0,
			"iconIdx": 7
		},
		{
			"icon": {
				"paths": [
					"M864.626 473.162c-65.754-183.44-205.11-348.15-352.626-473.162-147.516 125.012-286.87 289.722-352.626 473.162-40.664 113.436-44.682 236.562 12.584 345.4 65.846 125.14 198.632 205.438 340.042 205.438s274.196-80.298 340.040-205.44c57.27-108.838 53.25-231.962 12.586-345.398zM738.764 758.956c-43.802 83.252-132.812 137.044-226.764 137.044-55.12 0-108.524-18.536-152.112-50.652 13.242 1.724 26.632 2.652 40.112 2.652 117.426 0 228.668-67.214 283.402-171.242 44.878-85.292 40.978-173.848 23.882-244.338 14.558 28.15 26.906 56.198 36.848 83.932 22.606 63.062 40.024 156.34-5.368 242.604z"
				],
				"attrs": [],
				"tags": [
					"droplet",
					"color",
					"water"
				],
				"grid": 16
			},
			"attrs": [],
			"properties": {
				"id": 87,
				"order": 2,
				"prevSize": 32,
				"ligatures": "droplet, color2",
				"name": "droplet",
				"code": 58882
			},
			"setIdx": 1,
			"setId": 0,
			"iconIdx": 12
		}
	],
	"height": 1024,
	"metadata": {
		"name": "icomoon"
	},
	"preferences": {
		"showGlyphs": true,
		"showQuickUse": true,
		"showQuickUse2": true,
		"showSVGs": true,
		"fontPref": {
			"prefix": "icon-",
			"metadata": {
				"fontFamily": "icomoon"
			},
			"metrics": {
				"emSize": 1024,
				"baseline": 6.25,
				"whitespace": 50
			},
			"embed": false
		},
		"imagePref": {
			"prefix": "icon-",
			"png": true,
			"useClassSelector": true,
			"color": 4473924,
			"bgColor": 16777215
		},
		"historySize": 100,
		"showCodes": false,
		"gridSize": 16
	}
}